,System,Beam_Energy(MeV),Stack(86MeV),Channel,file_name,pulser_peak_area,lapse_time,count_time,gap,E_gamma (keV),gamma_emission_probability(%),gamma_peak_area,expected_half_life(s),foil_thickness(mg/cm^2),target_A,efficiency,activity,avrgcrnt_xsctionA0(mb),avgcrntxsctn_ind(mb),exctflctng_xsctnA0(mb),exctflctng_xsctnind(mb)
0,14N+175Lu,72.04,86.0,5n,Nlu_L7_1,4251.9,720,101,3,154.9,31,1605.802155,1038.0,1.18,175.0,0.03360021239406701,1874.7288300911885,65.55538116414971,66.10428336815019,81.23222807220452,81.91239418874427
1,,,,,Nlu_L7_2,4991.9,1260,118,3,154.9,31,1349.064379,,,,0.03360021239406701,1349.0601226852584,,66.19027542751434,,82.01895030137177
2,,,,,Nlu_L7_3,4322.3,1800,101,3,154.9,31,735.540496,,,,0.03360021239406701,844.7362764575437,,57.67077240979655,,71.46210203190353
3,,,,,Nlu_L7_4,4383.9,2400,101,3,154.9,31,667.6505582,,,,0.03360021239406701,755.9934643654168,,74.50161865761493,,92.31785966417972
4,,,,,Nlu_L7_5,13243.0,3360,300,3,154.9,31,964.6194091,,,,0.03360021239406701,385.8436578266768,,68.4100494905517,,84.76955886706531
5,,,,,Nlu_L7_6,13594.6,4740,301,3,154.9,31,380.7394759,,,,0.03360021239406701,148.4032396058551,,61.20711678739762,,75.84412419273637
